{
    "affinity_pred_value": 0.027974385768175125,
    "affinity_probability_binary": 0.0932096540927887,
    "affinity_pred_value1": -0.11182024329900742,
    "affinity_probability_binary1": 0.038425058126449585,
    "affinity_pred_value2": 0.16776901483535767,
    "affinity_probability_binary2": 0.1479942500591278
}