{
    "confidence_score": 0.6465639472007751,
    "ptm": 0.8711564540863037,
    "iptm": 0.8080921173095703,
    "ligand_iptm": 0.8080921173095703,
    "protein_iptm": 0.0,
    "complex_plddt": 0.6061818599700928,
    "complex_iplddt": 0.5034940838813782,
    "complex_pde": 0.39577534794807434,
    "complex_ipde": 0.9593344926834106,
    "chains_ptm": {
        "0": 0.8869039416313171,
        "1": 0.8719208240509033
    },
    "pair_chains_iptm": {
        "0": {
            "0": 0.8869039416313171,
            "1": 0.1888633370399475
        },
        "1": {
            "0": 0.8080921173095703,
            "1": 0.8719208240509033
        }
    }
}