{
    "affinity_pred_value": 0.35362428426742554,
    "affinity_probability_binary": 0.4699687659740448,
    "affinity_pred_value1": 0.1128305047750473,
    "affinity_probability_binary1": 0.7146754264831543,
    "affinity_pred_value2": 0.5944180488586426,
    "affinity_probability_binary2": 0.2252621203660965
}