{
    "confidence_score": 0.571749210357666,
    "ptm": 0.6584945321083069,
    "iptm": 0.28030768036842346,
    "ligand_iptm": 0.28030768036842346,
    "protein_iptm": 0.0,
    "complex_plddt": 0.6446095705032349,
    "complex_iplddt": 0.4927707016468048,
    "complex_pde": 0.9991796016693115,
    "complex_ipde": 4.370522499084473,
    "chains_ptm": {
        "0": 0.6969084739685059,
        "1": 0.8558680415153503
    },
    "pair_chains_iptm": {
        "0": {
            "0": 0.6969084739685059,
            "1": 0.04468051716685295
        },
        "1": {
            "0": 0.28030768036842346,
            "1": 0.8558680415153503
        }
    }
}