{
    "affinity_pred_value": 0.8905110955238342,
    "affinity_probability_binary": 0.10962772369384766,
    "affinity_pred_value1": 0.4807412624359131,
    "affinity_probability_binary1": 0.09496261179447174,
    "affinity_pred_value2": 1.3002809286117554,
    "affinity_probability_binary2": 0.12429283559322357
}