{
    "confidence_score": 0.5813031792640686,
    "ptm": 0.7953333258628845,
    "iptm": 0.5998312830924988,
    "ligand_iptm": 0.5998312830924988,
    "protein_iptm": 0.0,
    "complex_plddt": 0.5766711235046387,
    "complex_iplddt": 0.4941307008266449,
    "complex_pde": 0.6706074476242065,
    "complex_ipde": 2.4538655281066895,
    "chains_ptm": {
        "0": 0.8225414752960205,
        "1": 0.9567384719848633
    },
    "pair_chains_iptm": {
        "0": {
            "0": 0.8225414752960205,
            "1": 0.17083556950092316
        },
        "1": {
            "0": 0.5998312830924988,
            "1": 0.9567384719848633
        }
    }
}