{
    "affinity_pred_value": 0.5213326215744019,
    "affinity_probability_binary": 0.18419808149337769,
    "affinity_pred_value1": 1.4485973119735718,
    "affinity_probability_binary1": 0.00044138668454252183,
    "affinity_pred_value2": -0.40593212842941284,
    "affinity_probability_binary2": 0.3679547905921936
}