{
    "confidence_score": 0.6595944166183472,
    "ptm": 0.8416783809661865,
    "iptm": 0.7376192212104797,
    "ligand_iptm": 0.7376192212104797,
    "protein_iptm": 0.0,
    "complex_plddt": 0.6400882005691528,
    "complex_iplddt": 0.5574306845664978,
    "complex_pde": 0.4246424734592438,
    "complex_ipde": 1.8348865509033203,
    "chains_ptm": {
        "0": 0.8550804257392883,
        "1": 0.9855211973190308
    },
    "pair_chains_iptm": {
        "0": {
            "0": 0.8550804257392883,
            "1": 0.175826758146286
        },
        "1": {
            "0": 0.7376192212104797,
            "1": 0.9855211973190308
        }
    }
}