{
    "affinity_pred_value": 0.5271815061569214,
    "affinity_probability_binary": 0.1497480422258377,
    "affinity_pred_value1": 1.3199375867843628,
    "affinity_probability_binary1": 0.003573460504412651,
    "affinity_pred_value2": -0.26557451486587524,
    "affinity_probability_binary2": 0.2959226369857788
}