{
    "confidence_score": 0.6319178342819214,
    "ptm": 0.7272689938545227,
    "iptm": 0.5852574706077576,
    "ligand_iptm": 0.5852574706077576,
    "protein_iptm": 0.0,
    "complex_plddt": 0.6435828804969788,
    "complex_iplddt": 0.5241979360580444,
    "complex_pde": 0.6853973865509033,
    "complex_ipde": 3.020723819732666,
    "chains_ptm": {
        "0": 0.7496394515037537,
        "1": 0.9873247742652893
    },
    "pair_chains_iptm": {
        "0": {
            "0": 0.7496394515037537,
            "1": 0.16197457909584045
        },
        "1": {
            "0": 0.5852574706077576,
            "1": 0.9873247742652893
        }
    }
}